,
harvard,https://admitexpert.com/blog/harvard-business-school/
Stanford,"https://admitexpert.com/blog/stanford-mba/#:~:text=The%20average%20GPA%20of%20the,average%20GRE%20score%20is%20328."
Penn wharton,https://admitexpert.com/blog/wharton-mba/
MIT sloan,https://admitexpert.com/blog/mit-sloan-school-of-management/
London Business school,
HEC paris,https://admitstreet.com/blog/hec-paris-mba/
Cambridge JBS,https://gmatclub.com/forum/calling-judge-cambridge-mba-applicants-2024-intake-class-of-415981.html?srsltid=AfmBOoocMqgTIXbZK7N57S0tr6JAuSU7nn6TaKPFvWP4n8d06rpRTrlT
Columbia Business School,https://admitexpert.com/blog/columbia-business-school/
IE Business School,
IESE Business School,https://admitstreet.com/blog/iese-mba
INSEAD,
Northwestern (Kellogg),https://admitexpert.com/blog/kellogg-school-of-management/
UC Berkeley (Haas),https://admitexpert.com/blog/uc-berkeley-haas-school-of-business/
UCLA (Anderson),"https://admitexpert.com/blog/ucla-anderson-mba/#:~:text=Academic%20Excellence&text=The%20middle%2080%25%20GPA%20range,a%20pool%20of%202%2C182%20applications."
Chicago (Booth),https://admitexpert.com/blog/chicago-booth-school-of-business/
Yale School of Management,https://thembaedge.com/international-business-schools/yale-school-of-management-full-time-mba/
NYU (Stern),"https://www.mbaandbeyond.com/blog/nyu-stern-mba/nyu-class-profile#:~:text=STANDARDIZED%20TEST%20SCORES,-GMAT%20and%20GRE&text=For%20example%2C%20the%20average%20GMAT,range%20of%20candidates%20to%20apply."
Imperial College Business School,https://www.mim-essay.com/imperial-mba
Oxford (Said),https://www.mim-essay.com/oxford-mba
SDA Bocconi School of Management,
Esade Business School,"https://www.mim-essay.com/esade-mba#:~:text=The%20admission%20requirements%20for%20the,and%20a%20statement%20of%20purpose."
Michigan (Ross),"https://www.clearadmit.com/2024/09/michigan-ross-mba-class-of-2026-profile/#:~:text=The%20Michigan%20Ross%20MBA%20Class%20of%202026%20boasts%20an%20average,graduated%20with%20a%20humanities%20degree."
Duke (Fuqua),https://e-gmat.com/blogs/duke-fuqua-mba-class-profile-employment-stats/
IMD,
NUS Business School - National University of Singapore (NUS),https://e-gmat.com/blogs/nus-mba/
Copenhagen Business School,
ESCP Business School,https://www.mim-essay.com/escp-europe-mba
ESSEC Business School,
"Tsinghua University, School of Economics and Management",
Warwick Business School,https://www.mim-essay.com/warwick-mba
Cornell (Johnson),https://www.clearadmit.com/2024/09/cornell-johnson-two-year-mba-class-of-2026-profile/
Melbourne Business School,https://www.mim-essay.com/melbourne-mba
UNSW (AGSM),
USC (Marshall),https://admitexpert.com/blog/usc-marshall-school-of-business/
Boston (Questrom),https://www.mim-essay.com/boston-mba
"Nanyang Business School, Singapore","https://www.mim-essay.com/nanyang-mba#:~:text=Class%20Profile%3A%20The%20Nanyang%20MBA,learning%20experience%20through%20diverse%20perspectives."
Texas (McCombs),https://www.clearadmit.com/2024/10/texas-mccombs-mba-class-of-2026-profile/
China Europe International Business School (CEIBS),
Toronto (Rotman),"url= ""https://e-gmat.com/blogs/rotman-school-of-management-rotman-mba-program-class-profile-employment-reports/"""
Frankfurt School of Finance & Management,https://www.mim-essay.com/fsfm-mba
SMU (Lee Kong Chian),https://admitexpert.com/blog/smu-mba/
Carnegie Mellon (Tepper),https://www.clearadmit.com/2023/10/carnegie-mellon-tepper-mba-class-of-2025-profile/
University of Hong Kong,
Indiana (Kelley),https://admitexpert.com/blog/indiana-kelley-mba/
University of Sydney Business School,https://www.mim-essay.com/sydney-mba
HKUST,
EDHEC Business School,
Manchester (Alliance),
Mannheim Business School,https://www.mim-essay.com/mannheim-mba
Georgia Tech (Scheller),
,
MSC/MEngg,
Massachusetts Institute of Technology (MIT),https://leverageedu.com/learn/mit-graduate-admissions/
Imperial College London,https://www.shiksha.com/studyabroad/uk/universities/imperial-college/admissions
University of Oxford,
Harvard University,
University of Cambridge,
Stanford University,
ETH Zurich - Swiss Federal Institute of Technology,
National University of Singapore (NUS),
UCL,
California Institute of Technology (Caltech),
University of Pennsylvania,
"University of California, Berkeley (UCB)",
The University of Melbourne,
Peking University,
"Nanyang Technological University, Singapore (NTU)",
Cornell University,
The University of Hong Kong,
The University of Sydney,
The University of New South Wales (UNSW Sydney),
Tsinghua University,
University of Chicago,
Princeton University,
Yale University,
Université PSL,
University of Toronto,
EPFL,
The University of Edinburgh,
Technical University of Munich,
McGill University,
The Australian National University,
Seoul National University,
Johns Hopkins University,
The University of Tokyo,
Columbia University,
The University of Manchester,
The Chinese University of Hong Kong (CUHK),
Monash University,
University of British Columbia,
Fudan University,
King's College London,
The University of Queensland,
"University of California, Los Angeles (UCLA)",
New York University (NYU),
University of Michigan-Ann Arbor,
Shanghai Jiao Tong University,
Institut Polytechnique de Paris,
The Hong Kong University of Science and Technology,
Zhejiang University,
Delft University of Technology,
Kyoto University,
Northwestern University,
The London School of Economics and Political Science (LSE),
KAIST - Korea Advanced Institute of Science & Technology,
University of Bristol,
University of Amsterdam,
Yonsei University,
The Hong Kong Polytechnic University,
Carnegie Mellon University,
Ludwig-Maximilians-Universität München,
Universiti Malaya (UM),
Duke University,
City University of Hong Kong,
KU Leuven,
Sorbonne University,
The University of Auckland,
University of Texas at Austin,
Korea University,
National Taiwan University (NTU),
The University of Warwick,
University of Illinois at Urbana-Champaign,
Universidad de Buenos Aires (UBA),
"University of California, San Diego (UCSD)",
Université Paris-Saclay,
KTH Royal Institute of Technology,
Lund University,
University of Washington,
The University of Western Australia,
University of Glasgow,
Brown University,
University of Birmingham,
University of Southampton,
The University of Adelaide,
University of Leeds,
Ruprecht-Karls-Universität Heidelberg,
Tokyo Institute of Technology (Tokyo Tech),
Osaka University,
"Trinity College Dublin, The University of Dublin",
University of Technology Sydney,
Durham University,
Pennsylvania State University,
Purdue University,
Universidade de São Paulo,
Pontificia Universidad Católica de Chile (UC),
Lomonosov Moscow State University,
Universidad Nacional Autónoma de México (UNAM),
University of Alberta,
Freie Universitaet Berlin,
Pohang University of Science And Technology (POSTECH),
RWTH Aachen University,
University of Copenhagen,